1.2,上海,Python开发工程师
1.2,上海,Python讲师
0.9,上海-闵行区,Python Web开发工程师
1.2,上海-浦东新区,Python后端工程师
1.4,上海-浦东新区,Python中级开发工程师
1.9,上海-浦东新区,Python程序员(游戏开发)
1.2,上海,Python工程师
1.0,上海-浦东新区,python开发工程师
0.9,上海-浦东新区,python测试工程师
2.2,上海-浦东新区,Python高级开发工程师
0.9,上海-闸北区,Python后端数据工程师
1.7,上海,项目研发经理（python平台）
0.9,上海-徐汇区,运维开发工程师 （Python）--淘米游戏
1.2,上海-静安区,python后端主程
2.1,上海-长宁区,资深Python开发
1.2,上海-长宁区,高级软件测试工程师(Python)
3.1,上海-浦东新区,Python工程师
1.3,上海-普陀区,Python开发工程师/中级高级python软件工程师
1.1,上海-浦东新区,Python 后端开发工程师
2.1,上海-浦东新区,python/go开发
2.7,上海-黄浦区,Python高级开发工程师
1.0,上海-虹口区,python开发工程师
1.7,上海-徐汇区,python工程师（网络安全）
1.4,上海-浦东新区,Python 开发工程师
3.2,上海-杨浦区,资深Python后端开发/架构师
0.9,上海,互联网软件开发工程师(python方向)
1.2,上海-杨浦区,python开发
1.4,上海-黄浦区,Python开发工程师
1.7,上海-浦东新区,测试开发工程师（C++/python）
1.9,上海,广告后台开发工程师（Python）
2.7,上海-松江区,高级Python开发工程师
1.7,上海-徐汇区,python开发工程师
1.9,上海-普陀区,PYTHON开发工程师
1.2,上海-普陀区,Python开发工程师
1.7,上海-浦东新区,Python工程师
1.9,上海,高级PHP开发工程师（需懂些Python）
2.2,上海,资深Python 开发工程师
1.3,上海-普陀区,Python软件工程师
1.1,上海-浦东新区,Python安全研发工程师
1.4,上海-浦东新区,Python开发工程师（数据采集）
0.9,上海-普陀区,python开发工程师
2.5,上海-长宁区,Python开发工程师
1.5,上海-浦东新区,python开发
1.7,上海-杨浦区,Python高级开发工程师
1.7,上海-闵行区,Python开发工程师
1.2,上海-黄浦区,Python高级开发工程师
1.4,上海-静安区,Python开发工程师
1.2,上海-浦东新区,Python工程师
1.4,上海-浦东新区,Python开发工程师
1.2,上海-徐汇区,python工程师
1.5,上海-浦东新区,数据平台工程师（python）
1.2,上海-徐汇区,服务器工程师(python、php)
1.2,上海-徐汇区,python开发工程师
1.2,上海-浦东新区,Python 软件工程师
1.2,上海,python开发工程师
1.2,上海-徐汇区,Python开发工程师
1.2,上海,Python web(Django)程序员
1.2,上海-杨浦区,Python软件工程师（大数据产品开发）
1.1,上海-长宁区,python开发工程师
1.6,上海-浦东新区,Python开发工程师
1.7,上海-浦东新区,Open ERP ODOO（Python）
1.9,上海-徐汇区,Python研发工程师
1.7,上海-长宁区,python高级大数据开发工程师
1.2,上海-徐汇区,Python开发工程师
2.1,上海-徐汇区,python开发工程师（爬虫）（C）
2.0,上海-徐汇区,运维软件-平台研发工程师 (Python) （上海、嘉兴）
0.8,上海-嘉定区,Python开发工程师
0.8,上海-长宁区,python开发工程师
1.7,上海-长宁区,Python软件工程师
1.7,上海-浦东新区,后端开发工程师（Python开发）
1.2,上海,Python开发工程师
1.2,上海-浦东新区,Python 程序员 (数据应用岗)
1.7,上海-杨浦区,Python开发
1.2,上海,初级python开发工程师
1.7,上海-闵行区,Python开发工程师
2.2,上海-静安区,软件工程师（Python开发）
1.0,上海-浦东新区,Python开发
1.7,上海-闵行区,高级 Python 工程师
1.0,上海,Python开发工程师
1.0,上海-徐汇区,Python开发工程师
1.2,上海,(ID49872)知名互联网视频公司 Python开发工程师
1.1,上海-杨浦区,Python数据开发工程师
1.2,上海-徐汇区,python 工程师
1.0,上海,Python开发工程师
1.2,上海-浦东新区,自然语言处理工程师（python java)
1.7,上海-黄浦区,Python/Go 运维开发工程师
1.2,上海-长宁区,Python开发工程师
0.9,上海-浦东新区,Python工程师
1.7,上海-静安区,高级Python工程师
1.7,上海-闵行区,web后端开发（python）
1.7,上海-杨浦区,python开发工程师
1.3,上海,Python开发工程师
1.0,上海,Python开发工程师
2.0,上海-普陀区,python 开发工程师
2.8,上海,运维开发工程师（Python）
1.8,上海-杨浦区,python工程师
2.0,上海,"Software Engineer_Python/C,C++/EDA"
1.0,上海,Python Developer（Python开发人员）
0.7,上海-杨浦区,Python软件工程师
0.7,上海,Python/Odoo初级开发工程师
0.7,上海-闵行区,python开发工程师
